kind,task,target,n,base_rate,auroc,auroc_boot_lo,auroc_boot_hi,auroc_seed_lo,auroc_seed_hi,worst_stratum,worst_stratum_auroc,never,always,oracle,routed,waste
probe,bbh,helped,540,0.12777777777777777,0.7224924012158055,0.5614185935869507,0.8647258497343824,0.6599438198254014,0.7850409826062096,hard,0.4,0.7833333333333334,0.8648148148148149,0.912962962962963,0.8592592592592592,0.5
probe,bbh,needs_thinking,540,0.2388888888888889,0.7612570356472795,0.6534460913354445,0.8589317309605737,0.7287930305603201,0.793721040734239,hard,0.5241137566137566,0.7592592592592593,0.8537037037037039,0.8944444444444445,0.8518518518518519,0.3111111111111111
probe,bbh,rescued,129,0.5348837209302325,0.655952380952381,0.4237453128978864,0.8566106124267888,0.5633951914243204,0.7485095704804415,hard,0.36666666666666664,0.0,0.5384615384615384,0.5384615384615384,0.5384615384615384,0.03076923076923066
probe,gsm8k,helped,1319,0.03184230477634572,0.7309027777777778,0.5194839596802521,0.8994539621644272,0.7124601617006031,0.7493453938549525,medium,0.6081394963403188,0.929056603773585,0.9245283018867925,0.9630188679245283,0.9350943396226417,0.9909433962264151
probe,gsm8k,needs_thinking,1319,0.06747536012130402,0.6867660343270099,0.5611115595528209,0.8002823195021808,0.6521552710997685,0.7213767975542513,hard,0.6357095752273688,0.9318181818181819,0.9196969696969697,0.9628787878787879,0.928030303030303,1.0
probe,gsm8k,rescued,89,0.47191011235955055,0.6311111111111111,0.3521060606060607,0.8848011294261291,0.5524695080730558,0.7097527141491663,easy,0.0,0.0,0.47368421052631576,0.47368421052631576,0.47368421052631576,0.09473684210526323
probe,math500,helped,500,0.066,0.5712765957446808,0.3756959937737183,0.7638638010618958,0.46999798013417354,0.672555211355188,hard,0.49783817829457366,0.826,0.8039999999999999,0.8859999999999999,0.8,0.904
probe,math500,needs_thinking,500,0.176,0.7750531537916372,0.6558824155313918,0.8788508818448488,0.7312086252549121,0.8188976823283622,medium,0.7144345238095238,0.8299999999999998,0.8320000000000001,0.898,0.8220000000000001,0.87
probe,math500,rescued,88,0.375,0.6515151515151516,0.3506477411477412,0.9220954878454878,0.541596239922089,0.7614340631082142,medium,0.1875,0.0,0.35294117647058826,0.35294117647058826,0.35294117647058826,0.15294117647058825
probe,mmlu_pro,helped,1000,0.102,0.5326948656557595,0.3941037032508067,0.6632886227297684,0.48239177505670827,0.5829979562548108,hard,0.30924131016042783,0.616,0.6519999999999999,0.721,0.642,0.382
probe,mmlu_pro,needs_thinking,1000,0.383,0.6267614601018676,0.5485929686120599,0.704521768655591,0.6012313700582562,0.652291550145479,hard,0.5332424242424242,0.62,0.652,0.723,0.637,0.32000000000000006
probe,mmlu_pro,rescued,383,0.26631853785900783,0.4714285714285714,0.3249944931131777,0.6206731690369057,0.4157394541992799,0.527117688657863,medium,0.4276825396825397,0.0,0.2727272727272727,0.2727272727272727,0.2727272727272727,0.033766233766233666
transfer,bbh->gsm8k,helped,,,0.5578383115188127,0.4712957647863174,0.6385442202583173,,,,,,,,,16.46540896969928
transfer,bbh->gsm8k,needs_thinking,,,0.5395807070430255,0.48557138494934493,0.5932490771852929,,,,,,,,,22.1676328604254
transfer,bbh->gsm8k,rescued,,,0.5199594731509626,0.40330549420608336,0.642180632319393,,,,,,,,,13.599290780141837
transfer,bbh->math500,helped,,,0.4379339432872623,0.34149123143563187,0.5383640297875737,,,,,,,,,28.45584579285432
transfer,bbh->math500,needs_thinking,,,0.5038972859664608,0.46095469636469166,0.5460808409794398,,,,,,,,,25.735974968081877
transfer,bbh->math500,rescued,,,0.5484297520661158,0.42410938478242854,0.6729669072154213,,,,,,,,,10.752262888626518
transfer,bbh->mmlu_pro,helped,,,0.544298877680248,0.4876342997961811,0.6016963203809162,,,,,,,,,17.81935235355575
transfer,bbh->mmlu_pro,needs_thinking,,,0.5523839347300803,0.5155872142577644,0.588913169293041,,,,,,,,,20.887310091719925
transfer,bbh->mmlu_pro,rescued,,,0.48429279184983604,0.4198960356974723,0.5491711701087892,,,,,,,,,17.165958910254492
transfer,gsm8k->bbh,helped,,,0.49294439828917813,0.42211071021036534,0.5638927821233802,,,,,,,,,23.795837948859965
transfer,gsm8k->bbh,needs_thinking,,,0.5333767140081858,0.4756278211760548,0.5905393882500263,,,,,,,,,15.338932031882413
transfer,gsm8k->bbh,rescued,,,0.5285990338164251,0.4265950577025467,0.6329126929963043,,,,,,,,,10.251207729468593
transfer,gsm8k->math500,helped,,,0.6430990850691065,0.5427332629674511,0.733361987268118,,,,,,,,,8.780369270867128
transfer,gsm8k->math500,needs_thinking,,,0.7140335392762578,0.6532702487324171,0.7693881182730706,,,,,,,,,-2.72675049492479
transfer,gsm8k->math500,rescued,,,0.5324517906336088,0.4119757488608012,0.6523344638993065,,,,,,,,,9.865932047750226
transfer,gsm8k->mmlu_pro,helped,,,0.5299620070745448,0.4701889693116169,0.5893688170800734,,,,,,,,,20.0940770703233
transfer,gsm8k->mmlu_pro,needs_thinking,,,0.5486151723787721,0.5134778144571475,0.5865556521686026,,,,,,,,,13.815086194823778
transfer,gsm8k->mmlu_pro,rescued,,,0.46701556067266764,0.401793638435743,0.5326992178555114,,,,,,,,,16.409555043844342
transfer,math500->bbh,helped,,,0.5474629988615034,0.4712457997977674,0.6215058311923558,,,,,,,,,2.3813596883177413
transfer,math500->bbh,needs_thinking,,,0.5056376016145155,0.4493704134961353,0.56413106557972,,,,,,,,,26.941555217712164
transfer,math500->bbh,rescued,,,0.4982608695652174,0.39945003660273415,0.5978929400025763,,,,,,,,,15.325428194993417
transfer,math500->gsm8k,helped,,,0.5151993138680687,0.427264047524116,0.607552073476901,,,,,,,,,5.607728187661209
transfer,math500->gsm8k,needs_thinking,,,0.5809482049876677,0.5182628807435101,0.6450527145789179,,,,,,,,,19.410494880396946
transfer,math500->gsm8k,rescued,,,0.5553191489361702,0.4369591816415266,0.6766281534196811,,,,,,,,,9.619600257898142
transfer,math500->mmlu_pro,helped,,,0.5577885497183284,0.49589810416423347,0.6170176356785448,,,,,,,,,1.3488046026352452
transfer,math500->mmlu_pro,needs_thinking,,,0.5704478420386694,0.534973676011586,0.6068071065192717,,,,,,,,,20.46053117529678
transfer,math500->mmlu_pro,rescued,,,0.502536459423627,0.4393470826724341,0.5677274024052009,,,,,,,,,14.897869209152459
transfer,mmlu_pro->bbh,helped,,,0.5963629650143082,0.5335439631326531,0.6584349151196275,,,,,,,,,-6.366809935854867
transfer,mmlu_pro->bbh,needs_thinking,,,0.6180746524830721,0.5659746754376032,0.6696666798211947,,,,,,,,,0.8686807618795478
transfer,mmlu_pro->bbh,rescued,,,0.6023188405797102,0.5035406886023599,0.698300533971395,,,,,,,,,-13.089026915113877
transfer,mmlu_pro->gsm8k,helped,,,0.5159768057575419,0.4176942422042953,0.6124398012425536,,,,,,,,,1.6718059898217619
transfer,mmlu_pro->gsm8k,needs_thinking,,,0.478781401297159,0.4089566955486565,0.5483062181683469,,,,,,,,,14.79800588047086
transfer,mmlu_pro->gsm8k,rescued,,,0.42117527862208715,0.30325420173775314,0.54027423202566,,,,,,,,,5.025329280648427
transfer,mmlu_pro->math500,helped,,,0.5964311206281228,0.5053050358905147,0.6824918660993514,,,,,,,,,-6.373625497236324
transfer,mmlu_pro->math500,needs_thinking,,,0.7133302074139453,0.655076012771185,0.7685064368261354,,,,,,,,,-8.656874731207765
transfer,mmlu_pro->math500,rescued,,,0.5563636363636364,0.4384650201608222,0.6735691716660878,,,,,,,,,-8.493506493506498
